model,headqa_en_acc,headqa_en_acc_norm,headqa_es_acc,headqa_es_acc_norm,lambada_openai_mt_en_acc,lambada_openai_mt_en_perplexity,lambada_openai_mt_es_acc,lambada_openai_mt_es_perplexity,paws_en_acc,paws_es_acc,paws_zh_acc,xnli_en_acc,xnli_es_acc,xnli_zh_acc,xstorycloze_en_acc,xstorycloze_es_acc,xstorycloze_zh_acc
bloom-3B,0.2840991976659373,0.33406272793581326,0.26513493800145876,0.3096280087527352,0.5175625849019988,9.095038963747458,0.3458179701144964,67.41894554579962,0.438,0.4215,0.527,0.5313253012048192,0.4783132530120482,0.37389558232931724,0.6677696889477167,0.6399735274652548,0.6095301125082727
bloom-7b1,0.31181619256017507,0.35557986870897157,0.29540481400437635,0.3424507658643326,0.5759751601009121,6.619600794427241,0.36580632641179894,51.00777700197703,0.401,0.417,0.52,0.5357429718875502,0.4839357429718876,0.3522088353413655,0.7061548643282595,0.6611515552614163,0.6187954996690933
bloom_both_1000it,0.2789934354485777,0.3267687819110139,0.2687819110138585,0.30342815463165573,0.5024257713953038,9.947337293705335,0.31127498544537163,84.26334626069703,0.403,0.4815,0.5485,0.5473895582329317,0.4907630522088353,0.39156626506024095,0.6604897418927862,0.6320317670416943,0.5890138980807412
bloom_english_1000it,0.27972283005105764,0.3293216630196937,0.26549963530269877,0.30233406272793584,0.5134872889578886,9.359068054011281,0.35008732777023094,66.43174757493446,0.419,0.443,0.5435,0.5421686746987951,0.4975903614457831,0.385140562248996,0.6637988087359364,0.6234281932495036,0.586366644606221
bloom_spanish_1000it,0.2848285922684172,0.3362509117432531,0.26549963530269877,0.3056163384390955,0.524160683097225,8.982798741775564,0.3417426741703862,67.58195364576983,0.397,0.4715,0.541,0.5273092369477912,0.4959839357429719,0.4,0.6624751819986764,0.6273990734612839,0.5817339510258107
