model,headqa_en_acc,headqa_en_acc_norm,headqa_es_acc,headqa_es_acc_norm,lambada_openai_mt_en_acc,lambada_openai_mt_en_perplexity,lambada_openai_mt_es_acc,lambada_openai_mt_es_perplexity,paws_en_acc,paws_es_acc,paws_zh_acc,xnli_en_acc,xnli_es_acc,xnli_zh_acc,xstorycloze_en_acc,xstorycloze_es_acc,xstorycloze_zh_acc
llama_13b,0.37345003646973013,0.4175784099197666,0.3242159008023341,0.3661560904449307,0.7162817776052784,3.2781718575356655,0.43663885115466716,40.19520662952442,0.4725,0.455,0.543,0.3570281124497992,0.3345381526104418,0.3429718875502008,0.7915287888815354,0.71409662475182,0.5916611515552614
llama_7b,0.3650619985412108,0.41611962071480674,0.3070751276440554,0.3453683442742524,0.7069668154473122,3.3414699457383557,0.40326023675528816,52.93918701565164,0.3815,0.423,0.4945,0.5160642570281124,0.44738955823293175,0.35542168674698793,0.799470549305096,0.6896095301125083,0.5671740569159497
llama_train_sft_13b,0.37345003646973013,0.4175784099197666,0.3242159008023341,0.3661560904449307,0.7162817776052784,3.2781718575356655,0.43663885115466716,40.19520662952442,0.4725,0.455,0.543,0.3570281124497992,0.3345381526104418,0.3429718875502008,0.7915287888815354,0.71409662475182,0.5916611515552614
llama_train_sft_7b,0.3650619985412108,0.41611962071480674,0.3070751276440554,0.3453683442742524,0.7069668154473122,3.3414699457383557,0.40326023675528816,52.93918701565164,0.3815,0.423,0.4945,0.5160642570281124,0.44738955823293175,0.35542168674698793,0.799470549305096,0.6896095301125083,0.5671740569159497
llama_both_1000it,0.3537563822027717,0.3975200583515682,0.2946754194018964,0.33916849015317285,0.7438385406559286,3.0184646631800374,0.39782650882980786,52.557700084033776,0.356,0.448,0.485,0.559437751004016,0.39799196787148594,0.3401606425702811,0.786234281932495,0.671740569159497,0.5526141628060887
llama_english_1000it,0.3559445660102115,0.4026258205689278,0.29686360320933625,0.3293216630196937,0.7471375897535416,3.0107983389747934,0.4523578497962352,38.36685162258335,0.371,0.401,0.484,0.5678714859437751,0.44899598393574297,0.3578313253012048,0.7816015883520847,0.6664460622104567,0.557246856386499
llama_spanish_1000it,0.3519328956965718,0.40955506929248725,0.29321663019693656,0.33916849015317285,0.7356879487677082,3.123971822005116,0.4207257908014749,44.83252167289303,0.3595,0.413,0.486,0.4995983935742972,0.41887550200803214,0.3542168674698795,0.7776307081403044,0.6690933156849769,0.5493050959629384
