{
  "results": {
    "know_dist": {
      "acc,none": 0.488503536235315,
      "acc_stderr,none": 0.11318107554861699,
      "acc_norm,none": 0.36834427425237054,
      "acc_norm_stderr,none": 0.00029740332864636827,
      "perplexity,none": 19.185385506983668,
      "perplexity_stderr,none": 248.30530135613233,
      "alias": "know_dist"
    },
    "headqa_en": {
      "acc,none": 0.3537563822027717,
      "acc_stderr,none": 0.009132627786052337,
      "acc_norm,none": 0.3975200583515682,
      "acc_norm_stderr,none": 0.009347517830292995,
      "alias": " - headqa_en"
    },
    "headqa_es": {
      "acc,none": 0.2946754194018964,
      "acc_stderr,none": 0.008707870204773252,
      "acc_norm,none": 0.33916849015317285,
      "acc_norm_stderr,none": 0.009042709989538773,
      "alias": " - headqa_es"
    },
    "lambada_openai_mt_en": {
      "perplexity,none": 3.0184646631800374,
      "perplexity_stderr,none": 0.06291373698872488,
      "acc,none": 0.7438385406559286,
      "acc_stderr,none": 0.006081466315674253,
      "alias": " - lambada_openai_mt_en"
    },
    "lambada_openai_mt_es": {
      "perplexity,none": 52.557700084033776,
      "perplexity_stderr,none": 3.2488433330019313,
      "acc,none": 0.39782650882980786,
      "acc_stderr,none": 0.0068189852131081835,
      "alias": " - lambada_openai_mt_es"
    },
    "paws_en": {
      "acc,none": 0.356,
      "acc_stderr,none": 0.010709311120344542,
      "alias": " - paws_en"
    },
    "paws_es": {
      "acc,none": 0.448,
      "acc_stderr,none": 0.01112249319745629,
      "alias": " - paws_es"
    },
    "paws_zh": {
      "acc,none": 0.485,
      "acc_stderr,none": 0.011178102477052811,
      "alias": " - paws_zh"
    },
    "xnli_en": {
      "acc,none": 0.559437751004016,
      "acc_stderr,none": 0.00995100802781405,
      "alias": " - xnli_en"
    },
    "xnli_es": {
      "acc,none": 0.39799196787148594,
      "acc_stderr,none": 0.009811284026425584,
      "alias": " - xnli_es"
    },
    "xnli_zh": {
      "acc,none": 0.3401606425702811,
      "acc_stderr,none": 0.009496174608136398,
      "alias": " - xnli_zh"
    },
    "xstorycloze_en": {
      "acc,none": 0.786234281932495,
      "acc_stderr,none": 0.010550099206921583,
      "alias": " - xstorycloze_en"
    },
    "xstorycloze_es": {
      "acc,none": 0.671740569159497,
      "acc_stderr,none": 0.012084283945686686,
      "alias": " - xstorycloze_es"
    },
    "xstorycloze_zh": {
      "acc,none": 0.5526141628060887,
      "acc_stderr,none": 0.012795688167385284,
      "alias": " - xstorycloze_zh"
    }
  },
  "groups": {
    "know_dist": {
      "acc,none": 0.488503536235315,
      "acc_stderr,none": 0.11318107554861699,
      "acc_norm,none": 0.36834427425237054,
      "acc_norm_stderr,none": 0.00029740332864636827,
      "perplexity,none": 19.185385506983668,
      "perplexity_stderr,none": 248.30530135613233,
      "alias": "know_dist"
    }
  },
  "configs": {
    "headqa_en": {
      "task": "headqa_en",
      "group": [
        "headqa"
      ],
      "dataset_path": "EleutherAI/headqa",
      "dataset_name": "en",
      "training_split": "train",
      "validation_split": "validation",
      "test_split": "test",
      "doc_to_text": "Question: {{qtext}}\nAnswer:",
      "doc_to_target": "{{ra - 1}}",
      "doc_to_choice": "{{answers|map(attribute='atext')|list}}",
      "description": "",
      "target_delimiter": " ",
      "fewshot_delimiter": "\n\n",
      "num_fewshot": 0,
      "metric_list": [
        {
          "metric": "acc",
          "aggregation": "mean",
          "higher_is_better": true
        },
        {
          "metric": "acc_norm",
          "aggregation": "mean",
          "higher_is_better": true
        }
      ],
      "output_type": "multiple_choice",
      "repeats": 1,
      "should_decontaminate": true,
      "doc_to_decontamination_query": "query",
      "metadata": [
        {
          "version": 1.0
        }
      ]
    },
    "headqa_es": {
      "task": "headqa_es",
      "group": [
        "headqa"
      ],
      "dataset_path": "EleutherAI/headqa",
      "dataset_name": "es",
      "training_split": "train",
      "validation_split": "validation",
      "test_split": "test",
      "doc_to_text": "Question: {{qtext}}\nAnswer:",
      "doc_to_target": "{{ra - 1}}",
      "doc_to_choice": "{{answers|map(attribute='atext')|list}}",
      "description": "",
      "target_delimiter": " ",
      "fewshot_delimiter": "\n\n",
      "num_fewshot": 0,
      "metric_list": [
        {
          "metric": "acc",
          "aggregation": "mean",
          "higher_is_better": true
        },
        {
          "metric": "acc_norm",
          "aggregation": "mean",
          "higher_is_better": true
        }
      ],
      "output_type": "multiple_choice",
      "repeats": 1,
      "should_decontaminate": true,
      "doc_to_decontamination_query": "query",
      "metadata": [
        {
          "version": 1.0
        }
      ]
    },
    "lambada_openai_mt_en": {
      "task": "lambada_openai_mt_en",
      "group": [
        "lambada_multilingual"
      ],
      "dataset_path": "EleutherAI/lambada_openai",
      "dataset_name": "en",
      "test_split": "test",
      "doc_to_text": "{{text.split(' ')[:-1]|join(' ')}}",
      "doc_to_target": "{{' '+text.split(' ')[-1]}}",
      "description": "",
      "target_delimiter": " ",
      "fewshot_delimiter": "\n\n",
      "num_fewshot": 0,
      "metric_list": [
        {
          "metric": "perplexity",
          "aggregation": "perplexity",
          "higher_is_better": false
        },
        {
          "metric": "acc",
          "aggregation": "mean",
          "higher_is_better": true
        }
      ],
      "output_type": "loglikelihood",
      "repeats": 1,
      "should_decontaminate": true,
      "doc_to_decontamination_query": "{{text}}",
      "metadata": [
        {
          "version": 1.0
        }
      ]
    },
    "lambada_openai_mt_es": {
      "task": "lambada_openai_mt_es",
      "group": [
        "lambada_multilingual"
      ],
      "dataset_path": "EleutherAI/lambada_openai",
      "dataset_name": "es",
      "test_split": "test",
      "doc_to_text": "{{text.split(' ')[:-1]|join(' ')}}",
      "doc_to_target": "{{' '+text.split(' ')[-1]}}",
      "description": "",
      "target_delimiter": " ",
      "fewshot_delimiter": "\n\n",
      "num_fewshot": 0,
      "metric_list": [
        {
          "metric": "perplexity",
          "aggregation": "perplexity",
          "higher_is_better": false
        },
        {
          "metric": "acc",
          "aggregation": "mean",
          "higher_is_better": true
        }
      ],
      "output_type": "loglikelihood",
      "repeats": 1,
      "should_decontaminate": true,
      "doc_to_decontamination_query": "{{text}}",
      "metadata": [
        {
          "version": 1.0
        }
      ]
    },
    "paws_en": {
      "task": "paws_en",
      "group": "pawsx",
      "dataset_path": "paws-x",
      "dataset_name": "en",
      "training_split": "train",
      "validation_split": "validation",
      "test_split": "test",
      "doc_to_text": "",
      "doc_to_target": "label",
      "doc_to_choice": "{{[sentence1+\", right? Yes, \"+sentence2, sentence1+\", right? No, \"+sentence2]}}",
      "description": "",
      "target_delimiter": " ",
      "fewshot_delimiter": "\n\n",
      "num_fewshot": 0,
      "metric_list": [
        {
          "metric": "acc",
          "aggregation": "mean",
          "higher_is_better": true
        }
      ],
      "output_type": "multiple_choice",
      "repeats": 1,
      "should_decontaminate": false,
      "metadata": [
        {
          "version": 0.0
        }
      ]
    },
    "paws_es": {
      "task": "paws_es",
      "group": "pawsx",
      "dataset_path": "paws-x",
      "dataset_name": "es",
      "training_split": "train",
      "validation_split": "validation",
      "test_split": "test",
      "doc_to_text": "",