{
  "results": {
    "know_dist": {
      "acc,none": 0.44867280205959814,
      "acc_stderr,none": 0.09253237335828458,
      "acc_norm,none": 0.32093362509117435,
      "acc_norm_stderr,none": 0.00013807482179590034,
      "perplexity,none": 28.106386152813087,
      "perplexity_stderr,none": 346.8768759485067,
      "alias": "know_dist"
    },
    "headqa_en": {
      "acc,none": 0.2848285922684172,
      "acc_stderr,none": 0.008620696300440009,
      "acc_norm,none": 0.3362509117432531,
      "acc_norm_stderr,none": 0.009023586509638451,
      "alias": " - headqa_en"
    },
    "headqa_es": {
      "acc,none": 0.26549963530269877,
      "acc_stderr,none": 0.008434774075330819,
      "acc_norm,none": 0.3056163384390955,
      "acc_norm_stderr,none": 0.008799003959214544,
      "alias": " - headqa_es"
    },
    "lambada_openai_mt_en": {
      "perplexity,none": 8.982798741775564,
      "perplexity_stderr,none": 0.26889713409805244,
      "acc,none": 0.524160683097225,
      "acc_stderr,none": 0.006957840284118753,
      "alias": " - lambada_openai_mt_en"
    },
    "lambada_openai_mt_es": {
      "perplexity,none": 67.58195364576983,
      "perplexity_stderr,none": 3.595677528587572,
      "acc,none": 0.3417426741703862,
      "acc_stderr,none": 0.006607840175870066,
      "alias": " - lambada_openai_mt_es"
    },
    "paws_en": {
      "acc,none": 0.397,
      "acc_stderr,none": 0.010943280024235945,
      "alias": " - paws_en"
    },
    "paws_es": {
      "acc,none": 0.4715,
      "acc_stderr,none": 0.011164954236428807,
      "alias": " - paws_es"
    },
    "paws_zh": {
      "acc,none": 0.541,
      "acc_stderr,none": 0.011145474902641256,
      "alias": " - paws_zh"
    },
    "xnli_en": {
      "acc,none": 0.5273092369477912,
      "acc_stderr,none": 0.01000711288973199,
      "alias": " - xnli_en"
    },
    "xnli_es": {
      "acc,none": 0.4959839357429719,
      "acc_stderr,none": 0.010021749574555898,
      "alias": " - xnli_es"
    },
    "xnli_zh": {
      "acc,none": 0.4,
      "acc_stderr,none": 0.009819585875881305,
      "alias": " - xnli_zh"
    },
    "xstorycloze_en": {
      "acc,none": 0.6624751819986764,
      "acc_stderr,none": 0.012168840221678037,
      "alias": " - xstorycloze_en"
    },
    "xstorycloze_es": {
      "acc,none": 0.6273990734612839,
      "acc_stderr,none": 0.012442436359907104,
      "alias": " - xstorycloze_es"
    },
    "xstorycloze_zh": {
      "acc,none": 0.5817339510258107,
      "acc_stderr,none": 0.012694045150564692,
      "alias": " - xstorycloze_zh"
    }
  },
  "groups": {
    "know_dist": {
      "acc,none": 0.44867280205959814,
      "acc_stderr,none": 0.09253237335828458,
      "acc_norm,none": 0.32093362509117435,
      "acc_norm_stderr,none": 0.00013807482179590034,
      "perplexity,none": 28.106386152813087,
      "perplexity_stderr,none": 346.8768759485067,
      "alias": "know_dist"
    }
  },
  "configs": {
    "headqa_en": {
      "task": "headqa_en",
      "group": [
        "headqa"
      ],
      "dataset_path": "EleutherAI/headqa",
      "dataset_name": "en",
      "training_split": "train",
      "validation_split": "validation",
      "test_split": "test",
      "doc_to_text": "Question: {{qtext}}\nAnswer:",
      "doc_to_target": "{{ra - 1}}",
      "doc_to_choice": "{{answers|map(attribute='atext')|list}}",
      "description": "",
      "target_delimiter": " ",
      "fewshot_delimiter": "\n\n",
      "num_fewshot": 0,
      "metric_list": [
        {
          "metric": "acc",
          "aggregation": "mean",
          "higher_is_better": true
        },
        {
          "metric": "acc_norm",
          "aggregation": "mean",
          "higher_is_better": true
        }
      ],
      "output_type": "multiple_choice",
      "repeats": 1,
      "should_decontaminate": true,
      "doc_to_decontamination_query": "query",
      "metadata": [
        {
          "version": 1.0
        }
      ]
    },
    "headqa_es": {
      "task": "headqa_es",
      "group": [
        "headqa"
      ],
      "dataset_path": "EleutherAI/headqa",
      "dataset_name": "es",
      "training_split": "train",
      "validation_split": "validation",
      "test_split": "test",
      "doc_to_text": "Question: {{qtext}}\nAnswer:",
      "doc_to_target": "{{ra - 1}}",
      "doc_to_choice": "{{answers|map(attribute='atext')|list}}",
      "description": "",
      "target_delimiter": " ",
      "fewshot_delimiter": "\n\n",
      "num_fewshot": 0,
      "metric_list": [
        {
          "metric": "acc",
          "aggregation": "mean",
          "higher_is_better": true
        },
        {
          "metric": "acc_norm",
          "aggregation": "mean",
          "higher_is_better": true
        }
      ],
      "output_type": "multiple_choice",
      "repeats": 1,
      "should_decontaminate": true,
      "doc_to_decontamination_query": "query",
      "metadata": [
        {
          "version": 1.0
        }
      ]
    },
    "lambada_openai_mt_en": {
      "task": "lambada_openai_mt_en",
      "group": [
        "lambada_multilingual"
      ],
      "dataset_path": "EleutherAI/lambada_openai",
      "dataset_name": "en",
      "test_split": "test",
      "doc_to_text": "{{text.split(' ')[:-1]|join(' ')}}",
      "doc_to_target": "{{' '+text.split(' ')[-1]}}",
      "description": "",
      "target_delimiter": " ",
      "fewshot_delimiter": "\n\n",
      "num_fewshot": 0,
      "metric_list": [
        {
          "metric": "perplexity",
          "aggregation": "perplexity",
          "higher_is_better": false
        },
        {
          "metric": "acc",
          "aggregation": "mean",
          "higher_is_better": true
        }
      ],
      "output_type": "loglikelihood",
      "repeats": 1,
      "should_decontaminate": true,
      "doc_to_decontamination_query": "{{text}}",
      "metadata": [
        {
          "version": 1.0
        }
      ]
    },
    "lambada_openai_mt_es": {
      "task": "lambada_openai_mt_es",
      "group": [
        "lambada_multilingual"
      ],
      "dataset_path": "EleutherAI/lambada_openai",
      "dataset_name": "es",
      "test_split": "test",
      "doc_to_text": "{{text.split(' ')[:-1]|join(' ')}}",
      "doc_to_target": "{{' '+text.split(' ')[-1]}}",
      "description": "",
      "target_delimiter": " ",
      "fewshot_delimiter": "\n\n",
      "num_fewshot": 0,
      "metric_list": [
        {
          "metric": "perplexity",
          "aggregation": "perplexity",
          "higher_is_better": false
        },
        {
          "metric": "acc",
          "aggregation": "mean",
          "higher_is_better": true
        }
      ],
      "output_type": "loglikelihood",
      "repeats": 1,
      "should_decontaminate": true,
      "doc_to_decontamination_query": "{{text}}",
      "metadata": [
        {
          "version": 1.0
        }
      ]
    },
    "paws_en": {
      "task": "paws_en",
      "group": "pawsx",
      "dataset_path": "paws-x",
      "dataset_name": "en",
      "training_split": "train",
      "validation_split": "validation",
      "test_split": "test",
      "doc_to_text": "",
      "doc_to_target": "label",
      "doc_to_choice": "{{[sentence1+\", right? Yes, \"+sentence2, sentence1+\", right? No, \"+sentence2]}}",
      "description": "",
      "target_delimiter": " ",
      "fewshot_delimiter": "\n\n",
      "num_fewshot": 0,
      "metric_list": [
        {
          "metric": "acc",
          "aggregation": "mean",
          "higher_is_better": true
        }
      ],
      "output_type": "multiple_choice",
      "repeats": 1,
      "should_decontaminate": false,
      "metadata": [
        {
          "version": 0.0
        }
      ]
    },
    "paws_es": {
      "task": "paws_es",
      "group": "pawsx",
      "dataset_path": "paws-x",
      "dataset_name": "es",
      "training_split": "train",
      "validation_split": "validation",
      "test_split": "test",
      "doc_to_text": "",