{
  "results": {
    "know_dist": {
      "acc,none": 0.48619536590418133,
      "acc_stderr,none": 0.10747041514417462,
      "acc_norm,none": 0.37436177972283,
      "acc_norm_stderr,none": 0.0003946797668585932,
      "perplexity,none": 16.735381409188488,
      "perplexity_stderr,none": 175.64056073769967,
      "alias": "know_dist"
    },
    "headqa_en": {
      "acc,none": 0.3519328956965718,
      "acc_stderr,none": 0.009121902004392854,
      "acc_norm,none": 0.40955506929248725,
      "acc_norm_stderr,none": 0.009392719096242085,
      "alias": " - headqa_en"
    },
    "headqa_es": {
      "acc,none": 0.29321663019693656,
      "acc_stderr,none": 0.00869526740768181,
      "acc_norm,none": 0.33916849015317285,
      "acc_norm_stderr,none": 0.00904270998953877,
      "alias": " - headqa_es"
    },
    "lambada_openai_mt_en": {
      "perplexity,none": 3.123971822005116,
      "perplexity_stderr,none": 0.06396233105695882,
      "acc,none": 0.7356879487677082,
      "acc_stderr,none": 0.006143521413508845,
      "alias": " - lambada_openai_mt_en"
    },
    "lambada_openai_mt_es": {
      "perplexity,none": 44.83252167289303,
      "perplexity_stderr,none": 2.5192688283576787,
      "acc,none": 0.4207257908014749,
      "acc_stderr,none": 0.0068778664232800515,
      "alias": " - lambada_openai_mt_es"
    },
    "paws_en": {
      "acc,none": 0.3595,
      "acc_stderr,none": 0.01073254251025216,
      "alias": " - paws_en"
    },
    "paws_es": {
      "acc,none": 0.413,
      "acc_stderr,none": 0.011012544577391417,
      "alias": " - paws_es"
    },
    "paws_zh": {
      "acc,none": 0.486,
      "acc_stderr,none": 0.011178751372184865,
      "alias": " - paws_zh"
    },
    "xnli_en": {
      "acc,none": 0.4995983935742972,
      "acc_stderr,none": 0.010022069634353845,
      "alias": " - xnli_en"
    },
    "xnli_es": {
      "acc,none": 0.41887550200803214,
      "acc_stderr,none": 0.009889278882314561,
      "alias": " - xnli_es"
    },
    "xnli_zh": {
      "acc,none": 0.3542168674698795,
      "acc_stderr,none": 0.009586620142951844,
      "alias": " - xnli_zh"
    },
    "xstorycloze_en": {
      "acc,none": 0.7776307081403044,
      "acc_stderr,none": 0.010701277694882511,
      "alias": " - xstorycloze_en"
    },
    "xstorycloze_es": {
      "acc,none": 0.6690933156849769,
      "acc_stderr,none": 0.012108982233131473,
      "alias": " - xstorycloze_es"
    },
    "xstorycloze_zh": {
      "acc,none": 0.5493050959629384,
      "acc_stderr,none": 0.01280441272012668,
      "alias": " - xstorycloze_zh"
    }
  },
  "groups": {
    "know_dist": {
      "acc,none": 0.48619536590418133,
      "acc_stderr,none": 0.10747041514417462,
      "acc_norm,none": 0.37436177972283,
      "acc_norm_stderr,none": 0.0003946797668585932,
      "perplexity,none": 16.735381409188488,
      "perplexity_stderr,none": 175.64056073769967,
      "alias": "know_dist"
    }
  },
  "configs": {
    "headqa_en": {
      "task": "headqa_en",
      "group": [
        "headqa"
      ],
      "dataset_path": "EleutherAI/headqa",
      "dataset_name": "en",
      "training_split": "train",
      "validation_split": "validation",
      "test_split": "test",
      "doc_to_text": "Question: {{qtext}}\nAnswer:",
      "doc_to_target": "{{ra - 1}}",
      "doc_to_choice": "{{answers|map(attribute='atext')|list}}",
      "description": "",
      "target_delimiter": " ",
      "fewshot_delimiter": "\n\n",
      "num_fewshot": 0,
      "metric_list": [
        {
          "metric": "acc",
          "aggregation": "mean",
          "higher_is_better": true
        },
        {
          "metric": "acc_norm",
          "aggregation": "mean",
          "higher_is_better": true
        }
      ],
      "output_type": "multiple_choice",
      "repeats": 1,
      "should_decontaminate": true,
      "doc_to_decontamination_query": "query",
      "metadata": [
        {
          "version": 1.0
        }
      ]
    },
    "headqa_es": {
      "task": "headqa_es",
      "group": [
        "headqa"
      ],
      "dataset_path": "EleutherAI/headqa",
      "dataset_name": "es",
      "training_split": "train",
      "validation_split": "validation",
      "test_split": "test",
      "doc_to_text": "Question: {{qtext}}\nAnswer:",
      "doc_to_target": "{{ra - 1}}",
      "doc_to_choice": "{{answers|map(attribute='atext')|list}}",
      "description": "",
      "target_delimiter": " ",
      "fewshot_delimiter": "\n\n",
      "num_fewshot": 0,
      "metric_list": [
        {
          "metric": "acc",
          "aggregation": "mean",
          "higher_is_better": true
        },
        {
          "metric": "acc_norm",
          "aggregation": "mean",
          "higher_is_better": true
        }
      ],
      "output_type": "multiple_choice",
      "repeats": 1,
      "should_decontaminate": true,
      "doc_to_decontamination_query": "query",
      "metadata": [
        {
          "version": 1.0
        }
      ]
    },
    "lambada_openai_mt_en": {
      "task": "lambada_openai_mt_en",
      "group": [
        "lambada_multilingual"
      ],
      "dataset_path": "EleutherAI/lambada_openai",
      "dataset_name": "en",
      "test_split": "test",
      "doc_to_text": "{{text.split(' ')[:-1]|join(' ')}}",
      "doc_to_target": "{{' '+text.split(' ')[-1]}}",
      "description": "",
      "target_delimiter": " ",
      "fewshot_delimiter": "\n\n",
      "num_fewshot": 0,
      "metric_list": [
        {
          "metric": "perplexity",
          "aggregation": "perplexity",
          "higher_is_better": false
        },
        {
          "metric": "acc",
          "aggregation": "mean",
          "higher_is_better": true
        }
      ],
      "output_type": "loglikelihood",
      "repeats": 1,
      "should_decontaminate": true,
      "doc_to_decontamination_query": "{{text}}",
      "metadata": [
        {
          "version": 1.0
        }
      ]
    },
    "lambada_openai_mt_es": {
      "task": "lambada_openai_mt_es",
      "group": [
        "lambada_multilingual"
      ],
      "dataset_path": "EleutherAI/lambada_openai",
      "dataset_name": "es",
      "test_split": "test",
      "doc_to_text": "{{text.split(' ')[:-1]|join(' ')}}",
      "doc_to_target": "{{' '+text.split(' ')[-1]}}",
      "description": "",
      "target_delimiter": " ",
      "fewshot_delimiter": "\n\n",
      "num_fewshot": 0,
      "metric_list": [
        {
          "metric": "perplexity",
          "aggregation": "perplexity",
          "higher_is_better": false
        },
        {
          "metric": "acc",
          "aggregation": "mean",
          "higher_is_better": true
        }
      ],
      "output_type": "loglikelihood",
      "repeats": 1,
      "should_decontaminate": true,
      "doc_to_decontamination_query": "{{text}}",
      "metadata": [
        {
          "version": 1.0
        }
      ]
    },
    "paws_en": {
      "task": "paws_en",
      "group": "pawsx",
      "dataset_path": "paws-x",
      "dataset_name": "en",
      "training_split": "train",
      "validation_split": "validation",
      "test_split": "test",
      "doc_to_text": "",
      "doc_to_target": "label",
      "doc_to_choice": "{{[sentence1+\", right? Yes, \"+sentence2, sentence1+\", right? No, \"+sentence2]}}",
      "description": "",
      "target_delimiter": " ",
      "fewshot_delimiter": "\n\n",
      "num_fewshot": 0,
      "metric_list": [
        {
          "metric": "acc",
          "aggregation": "mean",
          "higher_is_better": true
        }
      ],
      "output_type": "multiple_choice",
      "repeats": 1,
      "should_decontaminate": false,
      "metadata": [
        {
          "version": 0.0
        }
      ]
    },
    "paws_es": {
      "task": "paws_es",
      "group": "pawsx",
      "dataset_path": "paws-x",
      "dataset_name": "es",
      "training_split": "train",
      "validation_split": "validation",
      "test_split": "test",
      "doc_to_text": "",