{
  "results": {
    "know_dist": {
      "acc,none": 0.501168881129228,
      "acc_stderr,none": 0.10748026252232319,
      "acc_norm,none": 0.36597374179431075,
      "acc_norm_stderr,none": 0.00042005364451765164,
      "perplexity,none": 14.549097425132798,
      "perplexity_stderr,none": 126.24841065792131,
      "alias": "know_dist"
    },
    "headqa_en": {
      "acc,none": 0.3559445660102115,
      "acc_stderr,none": 0.009145307027076105,
      "acc_norm,none": 0.4026258205689278,
      "acc_norm_stderr,none": 0.009367409741273163,
      "alias": " - headqa_en"
    },
    "headqa_es": {
      "acc,none": 0.29686360320933625,
      "acc_stderr,none": 0.008726573461838265,
      "acc_norm,none": 0.3293216630196937,
      "acc_norm_stderr,none": 0.00897661856589967,
      "alias": " - headqa_es"
    },
    "lambada_openai_mt_en": {
      "perplexity,none": 3.0107983389747934,
      "perplexity_stderr,none": 0.0637978606813783,
      "acc,none": 0.7471375897535416,
      "acc_stderr,none": 0.006055562668610394,
      "alias": " - lambada_openai_mt_en"
    },
    "lambada_openai_mt_es": {
      "perplexity,none": 38.36685162258335,
      "perplexity_stderr,none": 2.1606763491128214,
      "acc,none": 0.4523578497962352,
      "acc_stderr,none": 0.0069342831572190376,
      "alias": " - lambada_openai_mt_es"
    },
    "paws_en": {
      "acc,none": 0.371,
      "acc_stderr,none": 0.010804530019138519,
      "alias": " - paws_en"
    },
    "paws_es": {
      "acc,none": 0.401,
      "acc_stderr,none": 0.010961732517713431,
      "alias": " - paws_es"
    },
    "paws_zh": {
      "acc,none": 0.484,
      "acc_stderr,none": 0.011177408788874896,
      "alias": " - paws_zh"
    },
    "xnli_en": {
      "acc,none": 0.5678714859437751,
      "acc_stderr,none": 0.009929309430958669,
      "alias": " - xnli_en"
    },
    "xnli_es": {
      "acc,none": 0.44899598393574297,
      "acc_stderr,none": 0.009969793477240831,
      "alias": " - xnli_es"
    },
    "xnli_zh": {
      "acc,none": 0.3578313253012048,
      "acc_stderr,none": 0.009608404733171226,
      "alias": " - xnli_zh"
    },
    "xstorycloze_en": {
      "acc,none": 0.7816015883520847,
      "acc_stderr,none": 0.010632343054700497,
      "alias": " - xstorycloze_en"
    },
    "xstorycloze_es": {
      "acc,none": 0.6664460622104567,
      "acc_stderr,none": 0.012133247747835332,
      "alias": " - xstorycloze_es"
    },
    "xstorycloze_zh": {
      "acc,none": 0.557246856386499,
      "acc_stderr,none": 0.012782510750319248,
      "alias": " - xstorycloze_zh"
    }
  },
  "groups": {
    "know_dist": {
      "acc,none": 0.501168881129228,
      "acc_stderr,none": 0.10748026252232319,
      "acc_norm,none": 0.36597374179431075,
      "acc_norm_stderr,none": 0.00042005364451765164,
      "perplexity,none": 14.549097425132798,
      "perplexity_stderr,none": 126.24841065792131,
      "alias": "know_dist"
    }
  },
  "configs": {
    "headqa_en": {
      "task": "headqa_en",
      "group": [
        "headqa"
      ],
      "dataset_path": "EleutherAI/headqa",
      "dataset_name": "en",
      "training_split": "train",
      "validation_split": "validation",
      "test_split": "test",
      "doc_to_text": "Question: {{qtext}}\nAnswer:",
      "doc_to_target": "{{ra - 1}}",
      "doc_to_choice": "{{answers|map(attribute='atext')|list}}",
      "description": "",
      "target_delimiter": " ",
      "fewshot_delimiter": "\n\n",
      "num_fewshot": 0,
      "metric_list": [
        {
          "metric": "acc",
          "aggregation": "mean",
          "higher_is_better": true
        },
        {
          "metric": "acc_norm",
          "aggregation": "mean",
          "higher_is_better": true
        }
      ],
      "output_type": "multiple_choice",
      "repeats": 1,
      "should_decontaminate": true,
      "doc_to_decontamination_query": "query",
      "metadata": [
        {
          "version": 1.0
        }
      ]
    },
    "headqa_es": {
      "task": "headqa_es",
      "group": [
        "headqa"
      ],
      "dataset_path": "EleutherAI/headqa",
      "dataset_name": "es",
      "training_split": "train",
      "validation_split": "validation",
      "test_split": "test",
      "doc_to_text": "Question: {{qtext}}\nAnswer:",
      "doc_to_target": "{{ra - 1}}",
      "doc_to_choice": "{{answers|map(attribute='atext')|list}}",
      "description": "",
      "target_delimiter": " ",
      "fewshot_delimiter": "\n\n",
      "num_fewshot": 0,
      "metric_list": [
        {
          "metric": "acc",
          "aggregation": "mean",
          "higher_is_better": true
        },
        {
          "metric": "acc_norm",
          "aggregation": "mean",
          "higher_is_better": true
        }
      ],
      "output_type": "multiple_choice",
      "repeats": 1,
      "should_decontaminate": true,
      "doc_to_decontamination_query": "query",
      "metadata": [
        {
          "version": 1.0
        }
      ]
    },
    "lambada_openai_mt_en": {
      "task": "lambada_openai_mt_en",
      "group": [
        "lambada_multilingual"
      ],
      "dataset_path": "EleutherAI/lambada_openai",
      "dataset_name": "en",
      "test_split": "test",
      "doc_to_text": "{{text.split(' ')[:-1]|join(' ')}}",
      "doc_to_target": "{{' '+text.split(' ')[-1]}}",
      "description": "",
      "target_delimiter": " ",
      "fewshot_delimiter": "\n\n",
      "num_fewshot": 0,
      "metric_list": [
        {
          "metric": "perplexity",
          "aggregation": "perplexity",
          "higher_is_better": false
        },
        {
          "metric": "acc",
          "aggregation": "mean",
          "higher_is_better": true
        }
      ],
      "output_type": "loglikelihood",
      "repeats": 1,
      "should_decontaminate": true,
      "doc_to_decontamination_query": "{{text}}",
      "metadata": [
        {
          "version": 1.0
        }
      ]
    },
    "lambada_openai_mt_es": {
      "task": "lambada_openai_mt_es",
      "group": [
        "lambada_multilingual"
      ],
      "dataset_path": "EleutherAI/lambada_openai",
      "dataset_name": "es",
      "test_split": "test",
      "doc_to_text": "{{text.split(' ')[:-1]|join(' ')}}",
      "doc_to_target": "{{' '+text.split(' ')[-1]}}",
      "description": "",
      "target_delimiter": " ",
      "fewshot_delimiter": "\n\n",
      "num_fewshot": 0,
      "metric_list": [
        {
          "metric": "perplexity",
          "aggregation": "perplexity",
          "higher_is_better": false
        },
        {
          "metric": "acc",
          "aggregation": "mean",
          "higher_is_better": true
        }
      ],
      "output_type": "loglikelihood",
      "repeats": 1,
      "should_decontaminate": true,
      "doc_to_decontamination_query": "{{text}}",
      "metadata": [
        {
          "version": 1.0
        }
      ]
    },
    "paws_en": {
      "task": "paws_en",
      "group": "pawsx",
      "dataset_path": "paws-x",
      "dataset_name": "en",
      "training_split": "train",
      "validation_split": "validation",
      "test_split": "test",
      "doc_to_text": "",
      "doc_to_target": "label",
      "doc_to_choice": "{{[sentence1+\", right? Yes, \"+sentence2, sentence1+\", right? No, \"+sentence2]}}",
      "description": "",
      "target_delimiter": " ",
      "fewshot_delimiter": "\n\n",
      "num_fewshot": 0,
      "metric_list": [
        {
          "metric": "acc",
          "aggregation": "mean",
          "higher_is_better": true
        }
      ],
      "output_type": "multiple_choice",
      "repeats": 1,
      "should_decontaminate": false,
      "metadata": [
        {
          "version": 0.0
        }
      ]
    },
    "paws_es": {
      "task": "paws_es",
      "group": "pawsx",
      "dataset_path": "paws-x",
      "dataset_name": "es",
      "training_split": "train",
      "validation_split": "validation",
      "test_split": "test",
      "doc_to_text": "",